{"a..martin@enron.com": 0.027855153203342618, "ken.rice@enron.com": 0.29864724245577523, "rod.hayslett@enron.com": 0.06856997196023451, "bob.butts@enron.com": 0, "jere.overdyke@enron.com": 0, "jeff.skilling@enron.com": 0.22925820625484622, "ben.glisan@enron.com": 0.3141592920353982, "julia.murray@enron.com": 0.02139495079161318, "jim.piro@enron.com": 0.0, "jeff.donahue@enron.com": 0.09887869520897044, "rick.bergsieker@enron.com": 0.025806451612903226, "mark.pickering@enron.com": 0.32432432432432434, "richard.shapiro@enron.com": 0.0014363847301254074, "jeffrey.shankman@enron.com": 0.15077424612876936, "vicki.sharp@enron.com": 0.004693458492226459, "michael.brown@enron.com": 0.17892156862745098, "robert.hermann@enron.com": 0, "michael.kopper@enron.com": 0, "john.echols@enron.com": 0, "terence.thorn@enron.com": 0.005970149253731343, "david.delainey@enron.com": 0.06157944218113444, "rebecca.mcdonald@enron.com": 0.28852119958634953, "kulvinder.fowler@enron.com": 0.0, "james.hughes@enron.com": 0.29419191919191917, "mark.koenig@enron.com": 0.317907444668008, "david.haug@enron.com": 0.42833607907743, "kristina.mordaunt@enron.com": 0, "adam.umanoff@enron.com": 0.022900763358778626, "rex.shelby@enron.com": 0.04854368932038835, "rick.buy@enron.com": 0.069487658162207, "louise.kitchen@enron.com": 0.08337258596325954, "greg.piper@enron.com": 0.04225352112676056, "janet.dietrich@enron.com": 0.039928057553956835, "stanley.horton@enron.com": 0.08515344207907105, "jim.fallon@enron.com": 0.4204059829059829, "philippe.bibi@enron.com": 0.388982574480045, "kevin.hannon@enron.com": 0.30087719298245613, "john.buchanan@enron.com": 0.0, "joseph.deffner@enron.com": 0.08588235294117647, "jeffrey.sherrick@enron.com": 0.4276827371695179, "gene.humphrey@enron.com": 0.01948051948051948, "timothy.detmering@enron.com": 0, "kenneth.lay@enron.com": 0.19847156664418972, "tod.lindholm@enron.com": 0, "thomas.white@enron.com": 0, "christopher.calger@enron.com": 0.018790570550051247, "joe.kishkill@enron.com": 0, "james.prentice@enron.com": 0, "richard.lewis@enron.com": 0.5249003984063745, "rob.walls@enron.com": 0.004333694474539545, "joe.hirko@enron.com": 0, "mitchell.taylor@enron.com": 0.015437392795883362, "jeffrey.mcmahon@enron.com": 0.33657351154313486, "jay.fitzgerald@enron.com": 0.579650565262076, "andrew.fastow@enron.com": 0, "steven.kean@enron.com": 0.044286680189317106, "gary.hickerson@enron.com": 0.06697923643670463, "michael.moran@enron.com": 0.003821656050955414, "dick.westfahl@enron.com": 0, "cindy.olson@enron.com": 0.2167381974248927, "mark.haedicke@enron.com": 0.09436664544875875, "john.sherriff@enron.com": 0.25455597338733005, "marty.sunde@enron.com": 0.09505021520803443, "tracy.foy@enron.com": 0.04878048780487805, "s..muller@enron.com": 0.0, "steven.elliott@enron.com": 0, "david.berberian@enron.com": 0, "wes.colwell@enron.com": 0.029579657498702647, "sanjay.bhatnagar@enron.com": 0.42387543252595156, "joe.gold@enron.com": 0, "mark.frevert@enron.com": 0.2686313403230377, "phillip.allen@enron.com": 0.017322538128412727, "james.bannantine@enron.com": 0.3990461049284579, "dana.gibbs@enron.com": 0.004291845493562232, "rockford.meyer@enron.com": 0.010948905109489052, "elizabeth.tilney@enron.com": 0.04826254826254826, "keith.dodson@enron.com": 0.0, "kevin.garland@enron.com": 0.203125, "john.wodraska@enron.com": 0, "vince.kaminski@enron.com": 0.010322995044962379, "charlene.jackson@enron.com": 0.25274725274725274, "chip.cox@enron.com": 0.0, "raymond.bowen@enron.com": 0.2121057985757884, "w.duran@enron.com": 0.052845528455284556, "george.wasaff@enron.com": 0.02109704641350211, "larry.izzo@enron.com": 0.48940269749518306, "dan.leff@enron.com": 0.08959245537217919, "ken.powers@enron.com": 0.0, "richard.causey@enron.com": 0.1695736434108527, "scott.yeager@enron.com": 0, "george.mcclellan@enron.com": 0.3248898678414097, "NaN": 0, "sally.beck@enron.com": 0.06840390879478828, "bill.cordes@enron.com": 0.0036275695284159614, "paula.rieker@enron.com": 0.33084239130434784, "robert.hayes@enron.com": 0.01937984496124031, "jeremy.blachman@enron.com": 0.10505372065260644, "frank.stabler@enron.com": 0, "james.derrick@enron.com": 0.08958912573370405, "brian.redmond@enron.com": 0.024054982817869417, "john.lavorato@enron.com": 0.04640015338893682, "diomedes.christodoulou@enron.com": 0, "frank.bay@enron.com": 0, "rebecca.carter@enron.com": 0.02359882005899705, "matthew.scrimshaw@enron.com": 0, "lou.pai@enron.com": 0, "mark.metts@enron.com": 0.30660377358490565, "tim.belden@enron.com": 0.06768510258697591, "mike.mcconnell@enron.com": 0.14810065715659562, "greg.whalley@enron.com": 0.12714576665696828, "richard.dimichele@enron.com": 0, "danny.mccarty@enron.com": 0.14438202247191012}